{
  "0": [
    {
      "cam_R_m2c": [
        [
          0.7416449791722193,
          0.3912765855465263,
          0.5448534892678222
        ],
        [
          0.6150571719236069,
          -0.07249709362414937,
          -0.7851425876524435
        ],
        [
          -0.2677076213302343,
          0.9174130945613299,
          -0.2944245764863763
        ]
      ],
      "cam_t_m2c": [
        -82.60794331600974,
        -18.477764312839014,
        554.1444162361927
      ],
      "obj_id": 10
    }
  ],
  "1": [
    {
      "cam_R_m2c": [
        [
          0.12758738527248764,
          0.9211834234377781,
          0.367617356664282
        ],
        [
          0.734069522021855,
          0.16154727829408605,
          -0.659578926163627
        ],
        [
          -0.6669807967136843,
          0.3540106843578938,
          -0.6556013001673943
        ]
      ],
      "cam_t_m2c": [
        -207.13560810688483,
        -101.73535591901063,
        934.5270076558467
      ],
      "obj_id": 10
    },
    {
      "cam_R_m2c": [
        [
          -0.5417367468350044,
          0.8299112587446522,
          -0.13329914610546903
        ],
        [
          -0.8403572294600774,
          -0.5313784689888391,
          0.10694267126530432
        ],
        [
          0.01792066423381733,
          0.16995367541391077,
          0.9852890810538206
        ]
      ],
      "cam_t_m2c": [
        205.98490161273435,
        130.8394690948919,
        987.2903958108241
      ],
      "obj_id": 15
    }
  ],
  "2": [
    {
      "cam_R_m2c": [
        [
          -0.1376708594534821,
          0.6404129520983156,
          0.755591197888513
        ],
        [
          0.8929815678985199,
          -0.24979064184175181,
          0.3744176770620594
        ],
        [
          0.4285215219647447,
          0.726275329939995,
          -0.5374880261373176
        ]
      ],
      "cam_t_m2c": [
        231.29631745798605,
        -33.62067541842944,
        1234.4343374554148
      ],
      "obj_id": 20
    }
  ],
  "3": [
    {
      "cam_R_m2c": [
        [
          -0.9155034276596982,
          -0.15486435979942786,
          -0.3713092286994102
        ],
        [
          -0.2280380157300262,
          0.960112244133196,
          0.16181234790171153
        ],
        [
          0.33143957214528325,
          0.232812397752581,
          -0.9143009296592399
        ]
      ],
      "cam_t_m2c": [
        -23.772105778382947,
        179.89215733848584,
        882.6639619443014
      ],
      "obj_id": 20
    }
  ],
  "4": [
    {
      "cam_R_m2c": [
        [
          -0.3764355892365126,
          -0.8703571228290906,
          0.317450399132982
        ],
        [
          -0.922794310948939,
          0.32187374325419205,
          -0.2117731473843921
        ],
        [
          0.08213927193930681,
          -0.3726603506421778,
          -0.9243253644241725
        ]
      ],
      "cam_t_m2c": [
        -92.84725574423933,
        4.3379832599837975,
        799.5687826229661
      ],
      "obj_id": 20
    }
  ],
  "5": [
    {
      "cam_R_m2c": [
        [
          0.4052789152364593,
          0.34803233136341255,
          -0.8453534544696952
        ],
        [
          -0.16508740948889128,
          -0.881634838639124,
          -0.44211552064222703
        ],
        [
          -0.8991636061742894,
          0.3187372926485882,
          -0.2998522551462365
        ]
      ],
      "cam_t_m2c": [
        -66.4847627662887,
        123.62573122031802,
        873.5072079462132
      ],
      "obj_id": 10
    }
  ]
}